series_id,seasonality_group,acf_24,acf_168,model,mae,smape,mase24,mase168
T1,weak,0.2603604341854829,0.2389831562018388,CB_Lags,21.558906618068146,100.10237466657782,8.514143930053876,7.757176680332932
T10,weak,0.4678522389189582,0.593316350740746,CB_Lags,46.26766304392058,19.602646358616955,0.6091592461515926,0.7024304270740793
T105,weak,0.8464365537953957,0.7053897503249026,CB_Lags,25.563081813273442,5.503019095760532,0.49502905694826954,0.3301943481182459
T107,weak,0.4299889786929711,0.5891127011376885,CB_Lags,181.20662124257402,119.09799928668811,1.4210829252663615,2.1147581358661993
T119,weak,0.5154993504469568,0.3464262877634856,CB_Lags,16.801168908319873,5.0504371174129945,1.532344144744892,1.0517448644210943
T13,medium,0.7277321550653817,0.8148932950356823,CB_Lags,33.36184152675512,17.704529871699464,1.0905460923431005,1.5167457966306699
T134,weak,0.321441505228498,0.6589016708603297,CB_Lags,1155.583050396269,13.944179493269598,1.4657102738140637,2.2604550904357814
T137,strong,0.9495923034697747,0.8679688372008987,CB_Lags,74.05487178462714,16.708760208364804,2.3536865511763425,1.730941186876174
T141,weak,0.8214682350637728,0.736499986911167,CB_Lags,78.36791216426249,16.851115425242785,1.8109238670039778,1.4441232654889273
T147,medium,0.9361679222719704,0.8033037039649814,CB_Lags,76.82799027732773,24.749030028597552,3.1457627262576944,2.1643336946066505
T149,weak,0.9385492804401464,0.7873591209950733,CB_Lags,323.41084670181056,23.939490801336213,4.021714391312803,2.4886355371900297
T155,medium,0.8835828684310176,0.8015037758991119,CB_Lags,309.57426963889486,22.165498139725823,2.326335318072749,2.152709263391762
T158,weak,0.8742418996122472,0.7458880492547493,CB_Lags,316.4077323875575,38.217576839286636,3.945095283768649,3.280694657226892
T159,weak,0.9132170063274015,0.678945569866513,CB_Lags,242.23115181761148,18.48473136346665,2.404111716626552,1.418225958252373
T161,medium,0.907634579289302,0.8113240769027645,CB_Lags,263.982419297746,27.74698657811501,4.006010537695291,3.2335947851884095
T169,weak,0.8839054478654493,0.6462549617190357,CB_Lags,341.142955971835,15.00138407000905,2.490140192143963,1.3776144332619893
T176,strong,0.9687351954688488,0.8697598590000116,CB_Lags,1009.3774071764396,16.699840333201617,2.9637990355365655,2.0457413306727603
T179,medium,0.9303069356003112,0.831261323429253,CB_Lags,322.22563034565053,17.76703807074554,2.3264376582018955,1.8619993085704707
T181,strong,0.9453936308084832,0.8566357529313985,CB_Lags,107.48155788073352,20.87929991627173,3.400785667970538,2.7676497410173972
T185,weak,0.9029572710648422,0.7702816341480473,CB_Lags,248.30895504502283,17.013117011229138,2.027826265977179,1.503379262531418
T188,strong,0.9513041490352084,0.889203451839983,CB_Lags,691.7208041513043,32.21188909516055,4.29105060498953,8.346337719278976
T2,medium,0.878412424233742,0.8221810414687533,CB_Lags,13.253953560225735,14.327871718654654,2.8249385289931164,2.781117994697077
T202,medium,0.9359612179134876,0.8398390893269334,CB_Lags,79.19154420175582,18.74793716491262,2.271084884104486,1.9113702385503324
T203,medium,0.9451407942964084,0.8451073681589166,CB_Lags,98.9618241345452,19.25662635722136,3.2753788867180744,2.566541077251593
T208,medium,0.929075753840274,0.8306179389430547,CB_Lags,58.9039255695079,21.370864068709913,3.1335724324865732,2.533738058108342
T212,strong,0.9112890737053164,0.865743368052379,CB_Lags,444.804091710119,44.84900572559923,3.8929445470490722,5.067555000248446
T23,medium,0.8417751625162441,0.8338249209442045,CB_Lags,29.189539710199035,24.794343190993946,2.2517838704483184,2.852579026147426
T231,medium,0.9437612290280986,0.8426023433135178,CB_Lags,423.9341283532518,24.91613096142643,4.727519362255375,3.8355312411719087
T232,medium,0.9256904587969932,0.8400246687975936,CB_Lags,210.53109565641412,20.28488071380876,3.0470961880055287,2.473152197344504
T233,strong,0.9500581204130952,0.8582726205847491,CB_Lags,72.46608525414197,15.906669290993829,3.1853224287534934,2.480134186785213
T234,strong,0.9510076674320506,0.8593623959308974,CB_Lags,930.96195059291,16.05197450704418,2.1303158991508226,1.715193206189644
T239,strong,0.9521989674453326,0.867365917429275,CB_Lags,48.89136685091766,14.509006119537233,2.736487855212925,2.37660115055096
T24,medium,0.8967167869745726,0.7996039989150817,CB_Lags,28.372985213827956,22.564722481375853,2.781446188284709,2.411168797717008
T244,medium,0.9191834947706632,0.8341323656221705,CB_Lags,102.76318816898666,26.80985343264547,3.0520988643599436,2.7298341417092495
T254,strong,0.940089787691856,0.8521770118324622,CB_Lags,129.86459293770028,24.73137759177491,3.593169930299312,2.8264349803774644
T255,strong,0.943355800184884,0.8662175850680338,CB_Lags,619.5044640289201,21.55698762404378,3.3551186267593467,2.924572174020248
T258,strong,0.9426995900239272,0.8796565604143595,CB_Lags,81.35058886151792,22.589080897738214,3.24991221972492,3.319772291400797
T260,strong,0.9478752356891732,0.8643564625608925,CB_Lags,85.09093238824971,16.238228803879775,2.5794548532595782,2.4028612061594306
T279,medium,0.9380707694625764,0.8203747866768005,CB_Lags,147.94456629958762,18.159161188126536,2.834661434798043,2.0009921360259812
T287,medium,0.9497634753991588,0.8248991782945114,CB_Lags,182.98964703547867,72.6961403101,6.680143253150686,4.933256516916097
T288,weak,0.8963486521527871,0.7016587810632768,CB_Lags,96.42793489765192,56.6359605313571,3.40520920980912,2.1787094385795593
T29,weak,0.8231845765817016,0.7801957188234393,CB_Lags,119.06115187746256,19.411975181370686,2.3063814234859326,2.707833470796269
T292,strong,0.9596223737925592,0.8574874148356404,CB_Lags,160.7532616559675,42.57661872998955,3.5328828025009624,2.2735568139673354
T298,medium,0.8516074680379161,0.8160660859874113,CB_Lags,276.6295933066991,42.424594090640575,1.7177838076335057,2.602750791350732
T3,strong,-0.0280387455014441,0.9166666666666666,CB_Lags,25.791049475211004,133.8592280250173,31.26948907767518,
T30,weak,0.6305439739959089,0.7482725294288795,CB_Lags,41.18604716733388,57.94281355606069,0.6228182767318193,0.8288068032758704
T301,weak,0.9020387485134604,0.79044367398827,CB_Lags,163.42562282495234,27.85913439844043,1.5079362845715818,1.262728447527572
T305,strong,0.9576792026993196,0.8819386253630186,CB_Lags,348.37425096659524,24.658049527564703,3.300460891294945,2.7964122272687577
T31,strong,0.9147451446236916,0.8563609164847927,CB_Lags,77.88416573906184,13.360258321856643,2.0657939622408352,2.2138299179528453
T316,strong,0.9440988304014432,0.8496856453535117,CB_Lags,2751.652951021665,29.659543699283923,2.144263424964042,1.543306085291567
T319,weak,0.5797718564717881,0.7852070579108402,CB_Lags,267.4935856075962,12.751773207014,0.9431625404549215,1.685154055841925
T43,weak,0.8467757910973003,0.7724223936810942,CB_Lags,43.872751407356546,17.27210044104924,1.7812351378496298,1.703831976479876
T50,medium,0.8896801006360665,0.8084939955435738,CB_Lags,82.20534627431276,17.016723118909574,2.411395561324601,2.4341528587554877
T55,strong,0.8934949848854928,0.8546739010739226,CB_Lags,35.862601219747006,32.288495838932356,3.182390486000358,3.919919977174689
T56,strong,0.8209875465549393,0.8602835897788401,CB_Lags,1542.2409064009382,37.0585284614494,2.362536997927239,3.9387355894141964
T70,weak,0.8748606464904651,0.7739556434856019,CB_Lags,33.808921547746586,16.73062673966453,2.4514913993561156,2.3029446008195977
T86,medium,0.6579005729932522,0.8102944033920301,CB_Lags,59.2025970781007,82.28762346749573,2.3541585663155327,4.059606656784048
T94,strong,0.9673537119322448,0.8689911195998664,CB_Lags,1348.797656376623,40.56834186531525,6.651396304214507,3.543941463149139
T96,medium,0.9417588600652192,0.8191403432239324,CB_Lags,260.0365950728119,45.47204503495832,2.7372273165559147,1.8463782210230204
T98,weak,0.9085118826121996,0.7627903062655954,CB_Lags,75.11376421446522,15.64889249570629,2.5123684988114503,1.975355925891644
T1,weak,0.2603604341854829,0.2389831562018388,CB_Lags_Seasonal,19.648611349416363,94.95964506219293,7.759721214916216,7.069827448154486
T10,weak,0.4678522389189582,0.593316350740746,CB_Lags_Seasonal,47.74705167483791,20.30583008568751,0.6286368511112244,0.7248903379374689
T105,weak,0.8464365537953957,0.7053897503249026,CB_Lags_Seasonal,26.301397438842937,5.636629666578861,0.5093265383914523,0.33973105611265714
T107,weak,0.4299889786929711,0.5891127011376885,CB_Lags_Seasonal,174.13444376982875,115.21814759711734,1.365620544355247,2.0322228248150824
T119,weak,0.5154993504469568,0.3464262877634856,CB_Lags_Seasonal,17.651860794572634,5.283098836176428,1.6099311708616222,1.1049977557796222
T13,medium,0.7277321550653817,0.8148932950356823,CB_Lags_Seasonal,32.757697344119244,17.344439859665105,1.0707975698565046,1.4892792927556673
T134,weak,0.321441505228498,0.6589016708603297,CB_Lags_Seasonal,1083.300540500686,13.210653394565952,1.374029094054035,2.119062079014477
T137,strong,0.9495923034697747,0.8679688372008987,CB_Lags_Seasonal,82.30839003107286,18.73387579709139,2.6160081841547207,1.923856984650502
T141,weak,0.8214682350637728,0.736499986911167,CB_Lags_Seasonal,74.47027164438147,16.184514185481145,1.7208572817457182,1.37229956622443
T147,medium,0.9361679222719704,0.8033037039649814,CB_Lags_Seasonal,73.96937615565464,23.603400174344042,3.028715258007483,2.0838032155314834
T149,weak,0.9385492804401464,0.7873591209950733,CB_Lags_Seasonal,313.80239298232794,23.076884921231162,3.9022302831080613,2.414698810492062
T155,medium,0.8835828684310176,0.8015037758991119,CB_Lags_Seasonal,293.36863087908915,21.35332451306345,2.2045559794899923,2.0400189266977358
T158,weak,0.8742418996122472,0.7458880492547493,CB_Lags_Seasonal,323.72752961383657,38.867264337050834,4.036361376722931,3.3565904625254306
T159,weak,0.9132170063274015,0.678945569866513,CB_Lags_Seasonal,244.16388234636892,18.738925898954616,2.423293808089199,1.4295417968041977
T161,medium,0.907634579289302,0.8113240769027645,CB_Lags_Seasonal,250.76992347239892,26.55688539213645,3.8055070433853295,3.0717512135073055
T169,weak,0.8839054478654493,0.6462549617190357,CB_Lags_Seasonal,332.4738185227235,14.79516809536021,2.4268606572294704,1.342606444192404
T176,strong,0.9687351954688488,0.8697598590000116,CB_Lags_Seasonal,949.4173372249841,15.87786247567711,2.787740411448732,1.9242181101037064
T179,medium,0.9303069356003112,0.831261323429253,CB_Lags_Seasonal,314.6844441502895,17.155603156167725,2.2719910285728973,1.8184221310923756
T181,strong,0.9453936308084832,0.8566357529313985,CB_Lags_Seasonal,103.96863634246654,20.32586716365083,3.289634569534656,2.677192023644268
T185,weak,0.9029572710648422,0.7702816341480473,CB_Lags_Seasonal,232.04238431598728,15.928188517737718,1.8949845834219408,1.4048937886503068
T188,strong,0.9513041490352084,0.889203451839983,CB_Lags_Seasonal,697.0626836080206,32.27896434721395,4.3241886499015205,8.410793103205352
T2,medium,0.878412424233742,0.8221810414687533,CB_Lags_Seasonal,11.558742856524518,12.622176373447761,2.4636224877163317,2.425406699086784
T202,medium,0.9359612179134876,0.8398390893269334,CB_Lags_Seasonal,82.4176587076957,19.43483669474854,2.363604609066079,1.989235865682178
T203,medium,0.9451407942964084,0.8451073681589166,CB_Lags_Seasonal,97.28080903033444,19.25730395279865,3.2197416606590603,2.5229445252057094
T208,medium,0.929075753840274,0.8306179389430547,CB_Lags_Seasonal,54.25948096194412,19.198299404167695,2.886497157863338,2.333958400858264
T212,strong,0.9112890737053164,0.865743368052379,CB_Lags_Seasonal,408.033308806719,38.723638731497324,3.571125073122547,4.648633573404621
T23,medium,0.8417751625162441,0.8338249209442045,CB_Lags_Seasonal,27.695492841021654,23.41262762392688,2.1365278343782483,2.706571695939081
T231,medium,0.9437612290280986,0.8426023433135178,CB_Lags_Seasonal,437.3092256901301,25.240084753443973,4.876672325895646,3.956542030958016
T232,medium,0.9256904587969932,0.8400246687975936,CB_Lags_Seasonal,210.7002989959086,20.704489371900014,3.049545131944969,2.475139863867419
T233,strong,0.9500581204130952,0.8582726205847491,CB_Lags_Seasonal,77.75096011908315,17.120348946169315,3.4176246206190393,2.661007746871354
T234,strong,0.9510076674320506,0.8593623959308974,CB_Lags_Seasonal,905.2507345007649,15.727718761640599,2.071481043018716,1.667823167987723
T239,strong,0.9521989674453326,0.867365917429275,CB_Lags_Seasonal,55.1357222594287,16.284941317992107,3.085989287462264,2.6801382206755986
T24,medium,0.8967167869745726,0.7996039989150817,CB_Lags_Seasonal,25.826382684713675,20.351892727841864,2.5317989324778365,2.194755596493648
T244,medium,0.9191834947706632,0.8341323656221705,CB_Lags_Seasonal,98.72159629907253,25.50917637830944,2.9320623203780003,2.622472004839738
T254,strong,0.940089787691856,0.8521770118324622,CB_Lags_Seasonal,127.94189368350246,24.4861567887235,3.539971556601665,2.7845884361741695
T255,strong,0.943355800184884,0.8662175850680338,CB_Lags_Seasonal,596.0996983309514,20.739269544641335,3.2283628567726312,2.8140823705173186
T258,strong,0.9426995900239272,0.8796565604143595,CB_Lags_Seasonal,81.58604614378062,22.633147069911534,3.2593186113633554,3.329380882714068
T260,strong,0.9478752356891732,0.8643564625608925,CB_Lags_Seasonal,79.17211879773974,14.876277374259086,2.4000313587335276,2.2357213339785313
T279,medium,0.9380707694625764,0.8203747866768005,CB_Lags_Seasonal,151.97386031764194,18.393009489544117,2.9118638941253567,2.055489478142193
T287,medium,0.9497634753991588,0.8248991782945114,CB_Lags_Seasonal,188.15992545627236,73.50193036312855,6.868887267192525,5.072643144120781
T288,weak,0.8963486521527871,0.7016587810632768,CB_Lags_Seasonal,88.57660286053076,55.281155642855786,3.127951087560093,2.001315084621301
T29,weak,0.8231845765817016,0.7801957188234393,CB_Lags_Seasonal,125.95281774554988,20.25663997420027,2.4398826527650477,2.8645721148701764
T292,strong,0.9596223737925592,0.8574874148356404,CB_Lags_Seasonal,168.3153330740982,45.84204451687353,3.6990748398455824,2.380508292421275
T298,medium,0.8516074680379161,0.8160660859874113,CB_Lags_Seasonal,271.0060230944395,40.01716199902811,1.6828631842242832,2.54983977902839
T3,strong,-0.0280387455014441,0.9166666666666666,CB_Lags_Seasonal,23.512833296875268,130.05067963138896,28.50734262165279,
T30,weak,0.6305439739959089,0.7482725294288795,CB_Lags_Seasonal,42.69074625708368,60.07587631323101,0.6455724412737663,0.8590865928706526
T301,weak,0.9020387485134604,0.79044367398827,CB_Lags_Seasonal,154.80674695588192,27.63382641927939,1.4284094917068502,1.1961336286891489
T305,strong,0.9576792026993196,0.8819386253630186,CB_Lags_Seasonal,337.03486665230065,23.80924805930818,3.193032760895373,2.7053905950493506
T31,strong,0.9147451446236916,0.8563609164847927,CB_Lags_Seasonal,77.4012059008616,13.337095620115011,2.0529839705269675,2.2001019550372574
T316,strong,0.9440988304014432,0.8496856453535117,CB_Lags_Seasonal,2560.831980279245,27.243243451815438,1.9955635578070359,1.4362812639969056
T319,weak,0.5797718564717881,0.7852070579108402,CB_Lags_Seasonal,279.73342722957005,13.308340761588825,0.9863193140752119,1.7622625169860726
T43,weak,0.8467757910973003,0.7724223936810942,CB_Lags_Seasonal,43.40886370851869,17.2246798435466,1.7624012821492179,1.6858165416274569
T50,medium,0.8896801006360665,0.8084939955435738,CB_Lags_Seasonal,86.11925641226212,17.822980709027952,2.526205436373125,2.550046240183631
T55,strong,0.8934949848854928,0.8546739010739226,CB_Lags_Seasonal,33.194001843557906,29.74793449555432,2.9455831999450885,3.628231821546993
T56,strong,0.8209875465549393,0.8602835897788401,CB_Lags_Seasonal,1542.0453978241699,37.333366646337296,2.3622375011079613,3.9382362792311003
T70,weak,0.8748606464904651,0.7739556434856019,CB_Lags_Seasonal,35.35261662694304,17.438062638324563,2.5634250262401914,2.4080956699812286
T86,medium,0.6579005729932522,0.8102944033920301,CB_Lags_Seasonal,54.28114625557538,78.27239730393259,2.1584597932150147,3.7221357432394546
T94,strong,0.9673537119322448,0.8689911195998664,CB_Lags_Seasonal,1150.4275973853287,34.54291169451736,5.673163675321887,3.022727718609322
T96,medium,0.9417588600652192,0.8191403432239324,CB_Lags_Seasonal,257.573659225365,48.24104422103136,2.711301676056474,1.8288902551187236
T98,weak,0.9085118826121996,0.7627903062655954,CB_Lags_Seasonal,76.101667933593,15.853517786996273,2.545411419902567,2.0013360040597097
T1,weak,0.2603604341854829,0.2389831562018388,CB_Lags_Calendar,22.756909083614254,100.183101288016,8.987264649991989,8.188233642235035
T10,weak,0.4678522389189582,0.593316350740746,CB_Lags_Calendar,45.64044691879168,19.806206914369124,0.6009013295674991,0.6929081028057493
T105,weak,0.8464365537953957,0.7053897503249026,CB_Lags_Calendar,52.74775331383043,11.806290930955177,1.0214601967720163,0.6813345177778459
T107,weak,0.4299889786929711,0.5891127011376885,CB_Lags_Calendar,179.36051846999337,112.99857139567281,1.4066051699260127,2.0932133334125744
T119,weak,0.5154993504469568,0.3464262877634856,CB_Lags_Calendar,43.353138808169284,12.461509461905,3.9540063415536477,2.7138850485246717
T13,medium,0.7277321550653817,0.8148932950356823,CB_Lags_Calendar,29.937289485885902,15.866422696583394,0.9786028759232137,1.3610537042392528
T134,weak,0.321441505228498,0.6589016708603297,CB_Lags_Calendar,1189.622988720347,14.252181906019034,1.508885610545153,2.32704117599354
T137,strong,0.9495923034697747,0.8679688372008987,CB_Lags_Calendar,75.89642051574624,17.300344107459654,2.4122165084541924,1.7739851145681171
T141,weak,0.8214682350637728,0.736499986911167,CB_Lags_Calendar,75.2518362278306,16.30778035172072,1.7389176577170264,1.3867018332655026
T147,medium,0.9361679222719704,0.8033037039649814,CB_Lags_Calendar,72.4141076656156,23.49758018066027,2.965033966493449,2.0399894962736878
T149,weak,0.9385492804401464,0.7873591209950733,CB_Lags_Calendar,308.3413875780152,22.689496735351447,3.8343209836843117,2.3726765584354075
T155,medium,0.8835828684310176,0.8015037758991119,CB_Lags_Calendar,304.70989070081725,21.766322236646023,2.28978132236329,2.1188834754383183
T158,weak,0.8742418996122472,0.7458880492547493,CB_Lags_Calendar,313.22070470323825,37.806666337709025,3.9053581768661934,3.247649748313056
T159,weak,0.9132170063274015,0.678945569866513,CB_Lags_Calendar,245.55454025120457,18.718950539508175,2.4370959014110025,1.4376838839176331
T161,medium,0.907634579289302,0.8113240769027645,CB_Lags_Calendar,239.1153477411042,25.269322382562855,3.6286454428433834,2.9289910425514067
T169,weak,0.8839054478654493,0.6462549617190357,CB_Lags_Calendar,299.35023317041606,13.258916486471424,2.185078232149875,1.2088457187723793
T176,strong,0.9687351954688488,0.8697598590000116,CB_Lags_Calendar,1003.6296483859808,16.426588308118966,2.9469220955153776,2.034092142140523
T179,medium,0.9303069356003112,0.831261323429253,CB_Lags_Calendar,322.52058424808064,18.06123377853608,2.328567196641501,1.8637037166332182
T181,strong,0.9453936308084832,0.8566357529313985,CB_Lags_Calendar,111.54810778152144,21.831963896551667,3.5294539241194895,2.8723633867968794
T185,weak,0.9029572710648422,0.7702816341480473,CB_Lags_Calendar,233.3096861051991,15.682469816481817,1.9053340605667244,1.412566630046319
T188,strong,0.9513041490352084,0.889203451839983,CB_Lags_Calendar,707.2119252260551,32.457376527010275,4.387148892132034,8.533254358715238
T2,medium,0.878412424233742,0.8221810414687533,CB_Lags_Calendar,16.862980220668803,17.379420498045658,3.594163984546571,3.5384112010668725
T202,medium,0.9359612179134876,0.8398390893269334,CB_Lags_Calendar,86.0526793769699,20.570049190327595,2.4678510987463875,2.076970868122148
T203,medium,0.9451407942964084,0.8451073681589166,CB_Lags_Calendar,99.27059036034954,19.448163020247023,3.285598245402856,2.5745488237611704
T208,medium,0.929075753840274,0.8306179389430547,CB_Lags_Calendar,49.65452463937944,18.36161061426795,2.6415225819640495,2.1358773226007446
T212,strong,0.9112890737053164,0.865743368052379,CB_Lags_Calendar,447.0162570075934,44.43037927248982,3.912305512904545,5.09275771201194
T23,medium,0.8417751625162441,0.8338249209442045,CB_Lags_Calendar,30.24986251018321,25.648722092476138,2.3335809046659803,2.95620020723525
T231,medium,0.9437612290280986,0.8426023433135178,CB_Lags_Calendar,420.55484287101405,24.18012864468746,4.68983511727627,3.8049572576846407
T232,medium,0.9256904587969932,0.8400246687975936,CB_Lags_Calendar,212.277817536194,20.55074339579443,3.072377154528732,2.4936712994831134
T233,strong,0.9500581204130952,0.8582726205847491,CB_Lags_Calendar,73.26536056128965,16.0263896519132,3.220455409287457,2.5074891902597094
T234,strong,0.9510076674320506,0.8593623959308974,CB_Lags_Calendar,933.0822270773933,16.242471452608616,2.135167717963196,1.7190995783234497
T239,strong,0.9521989674453326,0.867365917429275,CB_Lags_Calendar,57.055243527594776,15.584650407860321,3.1934263868212645,2.7734458278926573
T24,medium,0.8967167869745726,0.7996039989150817,CB_Lags_Calendar,30.488647055067283,24.111394592810466,2.9888476837447846,2.5909601654448786
T244,medium,0.9191834947706632,0.8341323656221705,CB_Lags_Calendar,104.9586328087218,26.99925187406034,3.1173042575663312,2.788154634101196
T254,strong,0.940089787691856,0.8521770118324622,CB_Lags_Calendar,139.98582699984655,26.853928013084317,3.8732101865920456,3.0467183490055993
T255,strong,0.943355800184884,0.8662175850680338,CB_Lags_Calendar,616.3509507779696,21.580376040618056,3.3380397973685345,2.9096849897630848
T258,strong,0.9426995900239272,0.8796565604143595,CB_Lags_Calendar,83.58216939727589,23.386186708836604,3.339062660477179,3.410839108891815
T260,strong,0.9478752356891732,0.8643564625608925,CB_Lags_Calendar,81.05091199059252,15.372307543244714,2.4569852794810734,2.2887760972863753
T279,medium,0.9380707694625764,0.8203747866768005,CB_Lags_Calendar,153.7842569293044,18.4423705317682,2.946551626058523,2.0799756047613283
T287,medium,0.9497634753991588,0.8248991782945114,CB_Lags_Calendar,199.39968231213675,77.53299327255753,7.279201113599362,5.3756581215036
T288,weak,0.8963486521527871,0.7016587810632768,CB_Lags_Calendar,85.79896057427943,52.17023518154539,3.0298627783503456,1.9385565544041323
T29,weak,0.8231845765817016,0.7801957188234393,CB_Lags_Calendar,161.81314115572593,25.238532971346018,3.1345473897444966,3.68015118892107
T292,strong,0.9596223737925592,0.8574874148356404,CB_Lags_Calendar,165.97839793212543,43.22433973021332,3.6477158945365606,2.347456678033489
T298,medium,0.8516074680379161,0.8160660859874113,CB_Lags_Calendar,290.5335562196557,43.094855580272394,1.8041230964576533,2.7335703108461993
T3,strong,-0.0280387455014441,0.9166666666666666,CB_Lags_Calendar,26.989051940757115,133.74389476764173,32.72196680827034,
T30,weak,0.6305439739959089,0.7482725294288795,CB_Lags_Calendar,45.294565486012175,61.575733855195224,0.6849475771903942,0.9114845101232726
T301,weak,0.9020387485134604,0.79044367398827,CB_Lags_Calendar,160.38219550347628,26.872711967656013,1.4798544305258063,1.239213026932071
T305,strong,0.9576792026993196,0.8819386253630186,CB_Lags_Calendar,352.63625508971916,24.975816628252925,3.3408386686073595,2.8306234825768213
T31,strong,0.9147451446236916,0.8563609164847927,CB_Lags_Calendar,117.54081319969637,21.35942872438467,3.1176440027402093,3.3410561231894502
T316,strong,0.9440988304014432,0.8496856453535117,CB_Lags_Calendar,2859.900982151302,29.902857026196834,2.228617192720062,1.6040186272206542
T319,weak,0.5797718564717881,0.7852070579108402,CB_Lags_Calendar,300.23913657403216,14.210573717536434,1.058620924131479,1.8914442287315922
T43,weak,0.8467757910973003,0.7724223936810942,CB_Lags_Calendar,48.35334185265618,18.851595446456397,1.9631472560429462,1.87783914560699
T50,medium,0.8896801006360665,0.8084939955435738,CB_Lags_Calendar,114.94186694352364,24.774865186161772,3.371682260580478,3.403502164903568
T55,strong,0.8934949848854928,0.8546739010739226,CB_Lags_Calendar,36.19214546936449,32.48833473251016,3.211633721265773,3.955940428661831
T56,strong,0.8209875465549393,0.8602835897788401,CB_Lags_Calendar,1501.3987849109344,36.15372303589553,2.2999715305651067,3.834428722184703
T70,weak,0.8748606464904651,0.7739556434856019,CB_Lags_Calendar,35.57823818728451,17.585298265375418,2.579784888944043,2.423464215632207
T86,medium,0.6579005729932522,0.8102944033920301,CB_Lags_Calendar,59.443760574614444,82.1396739703156,2.363748299523545,4.076143582259276
T94,strong,0.9673537119322448,0.8689911195998664,CB_Lags_Calendar,1325.117345402998,39.01808509177407,6.53462035035072,3.481721874078128
T96,medium,0.9417588600652192,0.8191403432239324,CB_Lags_Calendar,260.49705660210174,45.70446437451779,2.7420742800221234,1.849647707531493
T98,weak,0.9085118826121996,0.7627903062655954,CB_Lags_Calendar,66.86811209768605,13.673869884308894,2.2365719541035434,1.7585102126983223
T1,weak,0.2603604341854829,0.2389831562018388,CB_Lags_Fourier,25.66296747946532,106.46361055855427,10.134938782532696,9.233871476256214
T10,weak,0.4678522389189582,0.593316350740746,CB_Lags_Fourier,48.99926496242223,23.07872847244233,0.6451234694554828,0.7439012984338034
T105,weak,0.8464365537953957,0.7053897503249026,CB_Lags_Fourier,78.30684101844636,17.98219400639112,1.5164119078096276,1.011477274616366
T107,weak,0.4299889786929711,0.5891127011376885,CB_Lags_Fourier,191.29119935912755,118.15767799672854,1.5001695594725402,2.232449440259602
T119,weak,0.5154993504469568,0.3464262877634856,CB_Lags_Fourier,58.677769791684675,16.928246262273653,5.351683413077967,3.673199369094315
T13,medium,0.7277321550653817,0.8148932950356823,CB_Lags_Fourier,31.531350553248526,18.32196220790139,1.030710223372078,1.4335252859280476
T134,weak,0.321441505228498,0.6589016708603297,CB_Lags_Fourier,986.0375520859213,12.09797737091757,1.2506633512521714,1.928804340985386
T137,strong,0.9495923034697747,0.8679688372008987,CB_Lags_Fourier,61.4948902765613,13.484398220761323,1.9544925637161565,1.4373671278737876
T141,weak,0.8214682350637728,0.736499986911167,CB_Lags_Fourier,82.19025296419356,16.554361660373996,1.899250428108598,1.5145593805437474
T147,medium,0.9361679222719704,0.8033037039649814,CB_Lags_Fourier,64.45948760358696,20.17878849477809,2.639327837746048,1.8158986126530696
T149,weak,0.9385492804401464,0.7873591209950733,CB_Lags_Fourier,304.54009874445677,22.413163820137253,3.787050775639762,2.343425769308228
T155,medium,0.8835828684310176,0.8015037758991119,CB_Lags_Fourier,297.6329009990884,21.37992575517397,2.23660038097571,2.0696716940276394
T158,weak,0.8742418996122472,0.7458880492547493,CB_Lags_Fourier,237.8302440381516,30.381933913978667,2.9653604449312607,2.465958733231055
T159,weak,0.9132170063274015,0.678945569866513,CB_Lags_Fourier,218.77918988432515,16.545291231694808,2.1713541376007717,1.280918345518993
T161,medium,0.907634579289302,0.8113240769027645,CB_Lags_Fourier,203.14583097564832,20.926409218289876,3.08279748985641,2.4883903307769684
T169,weak,0.8839054478654493,0.6462549617190357,CB_Lags_Fourier,300.139391370761,13.210731038846637,2.190838616523168,1.2120325227438264
T176,strong,0.9687351954688488,0.8697598590000116,CB_Lags_Fourier,1003.7106713177269,16.771387793402543,2.9471600002725657,2.034256354217222
T179,medium,0.9303069356003112,0.831261323429253,CB_Lags_Fourier,350.08606955904514,19.4655740012033,2.527587315013983,2.022992456434478
T181,strong,0.9453936308084832,0.8566357529313985,CB_Lags_Fourier,98.14851542463141,18.147203185234055,3.105482197783658,2.5273239302843766
T185,weak,0.9029572710648422,0.7702816341480473,CB_Lags_Fourier,206.02954755610725,13.784226094419708,1.682549580323897,1.247399833841759
T188,strong,0.9513041490352084,0.889203451839983,CB_Lags_Fourier,705.7537927936879,32.34472666376399,4.378103450649699,8.515660460068657
T2,medium,0.878412424233742,0.8221810414687533,CB_Lags_Fourier,17.22608142205512,17.26077640650292,3.6715551244097795,3.6146018471622416
T202,medium,0.9359612179134876,0.8398390893269334,CB_Lags_Fourier,86.99249725142515,19.731768300261404,2.494803549162668,2.099654349458424
T203,medium,0.9451407942964084,0.8451073681589166,CB_Lags_Fourier,89.37636674246826,16.745285928502785,2.958125187767866,2.3179455167295577
T208,medium,0.929075753840274,0.8306179389430547,CB_Lags_Fourier,49.95519451976398,17.664118948596027,2.6575176254071264,2.1488105645110522
T212,strong,0.9112890737053164,0.865743368052379,CB_Lags_Fourier,449.3590809667092,44.10973975375727,3.9328100089879117,5.119448989115695
T23,medium,0.8417751625162441,0.8338249209442045,CB_Lags_Fourier,22.107464701317635,18.952815559187545,1.705447668074693,2.16047566197964
T231,medium,0.9437612290280986,0.8426023433135178,CB_Lags_Fourier,412.5706007002559,23.326240677603852,4.600798503022504,3.7327200674353405
T232,medium,0.9256904587969932,0.8400246687975936,CB_Lags_Fourier,177.06451804847202,17.285540525144906,2.562721750410924,2.0800134085559856
T233,strong,0.9500581204130952,0.8582726205847491,CB_Lags_Fourier,73.80823797921263,16.167884093930617,3.2443181529324234,2.526069038180327
T234,strong,0.9510076674320506,0.8593623959308974,CB_Lags_Fourier,934.5187040417708,16.063169800054258,2.138454801515889,1.7217461263682747
T239,strong,0.9521989674453326,0.867365917429275,CB_Lags_Fourier,45.65397252511656,12.411669366330324,2.555288375106271,2.2192319548206174
T24,medium,0.8967167869745726,0.7996039989150817,CB_Lags_Fourier,24.36534509612049,20.69229005390966,2.38857123186378,2.0705949479274652
T244,medium,0.9191834947706632,0.8341323656221705,CB_Lags_Fourier,95.77083048000097,23.850535744425024,2.844423651649947,2.5440869194739144
T254,strong,0.940089787691856,0.8521770118324622,CB_Lags_Fourier,129.1288915100891,23.30489425876317,3.5728141105368074,2.810422823383206
T255,strong,0.943355800184884,0.8662175850680338,CB_Lags_Fourier,483.6276895833729,16.738940283935317,2.619235798859414,2.283121697530184
T258,strong,0.9426995900239272,0.8796565604143595,CB_Lags_Fourier,60.61326214656368,16.687394920210238,2.4214671840032658,2.4735190117444996
T260,strong,0.9478752356891732,0.8643564625608925,CB_Lags_Fourier,80.69773475610067,15.17874728642416,2.4462790302251114,2.27880281515348
T279,medium,0.9380707694625764,0.8203747866768005,CB_Lags_Fourier,100.82002887356417,12.453604480198821,1.931741427558696,1.3636194283836744
T287,medium,0.9497634753991588,0.8248991782945114,CB_Lags_Fourier,192.36892117960417,74.46143839024951,7.022539098535223,5.186114348192632
T288,weak,0.8963486521527871,0.7016587810632768,CB_Lags_Fourier,79.23094461233816,49.54502919635818,2.797923056033215,1.790157665801872
T29,weak,0.8231845765817016,0.7801957188234393,CB_Lags_Fourier,136.49432772176073,22.602960637544133,2.644086479128553,3.104319951139177
T292,strong,0.9596223737925592,0.8574874148356404,CB_Lags_Fourier,159.95134882607783,41.57656969659505,3.515259122479557,2.2622152439125682
T298,medium,0.8516074680379161,0.8160660859874113,CB_Lags_Fourier,276.1389519365129,42.658648015814485,1.7147370771988246,2.5981344478884987
T3,strong,-0.0280387455014441,0.9166666666666666,CB_Lags_Fourier,27.736204507330676,128.00479665386786,33.627826767256664,
T30,weak,0.6305439739959089,0.7482725294288795,CB_Lags_Fourier,44.02987087512121,57.70653248292164,0.665822777110724,0.886034447063953
T301,weak,0.9020387485134604,0.79044367398827,CB_Lags_Fourier,137.2918957721282,23.054783903236185,1.2667990957217405,1.0608029476023337
T305,strong,0.9576792026993196,0.8819386253630186,CB_Lags_Fourier,324.5488468057035,22.574493171760714,3.0747415264620397,2.6051648795377504
T31,strong,0.9147451446236916,0.8563609164847927,CB_Lags_Fourier,100.54154212015717,18.896298954412583,2.666756569776479,2.857857843511405
T316,strong,0.9440988304014432,0.8496856453535117,CB_Lags_Fourier,2475.8190294634246,26.651294376697923,1.9293160461014092,1.3886004675236678
T319,weak,0.5797718564717881,0.7852070579108402,CB_Lags_Fourier,328.2552964316947,15.447124538513192,1.1574038255798411,2.0679402194897163
T43,weak,0.8467757910973003,0.7724223936810942,CB_Lags_Fourier,44.2950069075896,17.405686689607574,1.7983787249290415,1.720230592943692
T50,medium,0.8896801006360665,0.8084939955435738,CB_Lags_Fourier,116.75743297782034,25.7689030746752,3.4249397197946947,3.4572622359078995
T55,strong,0.8934949848854928,0.8546739010739226,CB_Lags_Fourier,31.859467495405994,30.643820430587624,2.827158733555272,3.4823620944880984
T56,strong,0.8209875465549393,0.8602835897788401,CB_Lags_Fourier,1482.0203900593426,36.169277274057144,2.270286041996289,3.7849381574156715
T70,weak,0.8748606464904651,0.7739556434856019,CB_Lags_Fourier,29.08419345949516,15.01836090152726,2.108900457604629,1.981112772323887
T86,medium,0.6579005729932522,0.8102944033920301,CB_Lags_Fourier,56.87729263106917,77.64223114426267,2.261694119594566,3.9001572089875998
T94,strong,0.9673537119322448,0.8689911195998664,CB_Lags_Fourier,1234.9180730405512,35.45550608308754,6.089815969205731,3.2447249162617227
T96,medium,0.9417588600652192,0.8191403432239324,CB_Lags_Fourier,227.3736782213531,40.61529209453835,2.3934071391721377,1.614456639782762
T98,weak,0.9085118826121996,0.7627903062655954,CB_Lags_Fourier,68.60899699802754,14.229318709881982,2.294800221977145,1.8042923318631423
T1,weak,0.2603604341854829,0.2389831562018388,CB_Lags_Seasonal_Calendar,28.749241564081256,111.73108763368117,11.353784535220036,10.344353273057274
T10,weak,0.4678522389189582,0.593316350740746,CB_Lags_Seasonal_Calendar,45.44756225086096,19.692205436962734,0.5983618133874979,0.6899797495940904
T105,weak,0.8464365537953957,0.7053897503249026,CB_Lags_Seasonal_Calendar,43.66235961520816,9.564829888408973,0.8455215557472309,0.5639799017879812
T107,weak,0.4299889786929711,0.5891127011376885,CB_Lags_Seasonal_Calendar,175.73447035976073,113.14553149907222,1.378168487975258,2.0508958138342384
T119,weak,0.5154993504469568,0.3464262877634856,CB_Lags_Seasonal_Calendar,44.22176017527552,12.449127006186988,4.033228619071876,2.768260316517366
T13,medium,0.7277321550653817,0.8148932950356823,CB_Lags_Seasonal_Calendar,28.91310695353187,15.3327617065837,0.9451239608696481,1.3144907904479162
T134,weak,0.321441505228498,0.6589016708603297,CB_Lags_Seasonal_Calendar,1111.2464646697097,13.469675925880674,1.409474948120275,2.173727562835081
T137,strong,0.9495923034697747,0.8679688372008987,CB_Lags_Seasonal_Calendar,85.13374284394418,19.49767540886761,2.7058063940189356,1.989896117976915
T141,weak,0.8214682350637728,0.736499986911167,CB_Lags_Seasonal_Calendar,70.93053285653437,15.614241124273978,1.6390610812748418,1.3070710945692328
T147,medium,0.9361679222719704,0.8033037039649814,CB_Lags_Seasonal_Calendar,72.31088277677632,23.362223410786367,2.960807368783935,2.0370815312959443
T149,weak,0.9385492804401464,0.7873591209950733,CB_Lags_Seasonal_Calendar,304.8827299134156,22.36243382910517,3.791311500711808,2.3460623045757236
T155,medium,0.8835828684310176,0.8015037758991119,CB_Lags_Seasonal_Calendar,299.7818576023993,21.78000090870432,2.2527489893504278,2.084615050889857
T158,weak,0.8742418996122472,0.7458880492547493,CB_Lags_Seasonal_Calendar,311.3009700606447,38.01609748284515,3.881422174963097,3.2277448517489744
T159,weak,0.9132170063274015,0.678945569866513,CB_Lags_Seasonal_Calendar,243.31868889541988,18.661076434031468,2.414905376366046,1.424593319769405
T161,medium,0.907634579289302,0.8113240769027645,CB_Lags_Seasonal_Calendar,231.00295805566626,24.60189798082234,3.505537553112666,2.829620103183429
T169,weak,0.8839054478654493,0.6462549617190357,CB_Lags_Seasonal_Calendar,284.15500809987157,12.703977597327361,2.074162148395356,1.147483873225216
T176,strong,0.9687351954688488,0.8697598590000116,CB_Lags_Seasonal_Calendar,948.522078742579,15.768746594787894,2.7851116957593933,1.9224036576837589
T179,medium,0.9303069356003112,0.831261323429253,CB_Lags_Seasonal_Calendar,316.51461516831347,17.345892939659283,2.2852046850182686,1.8289978794165263
T181,strong,0.9453936308084832,0.8566357529313985,CB_Lags_Seasonal_Calendar,107.2323031351836,21.26696724976041,3.3928990873975207,2.7612314321877647
T185,weak,0.9029572710648422,0.7702816341480473,CB_Lags_Seasonal_Calendar,214.06218675085057,14.41434503714982,1.748148490122639,1.296033211508644
T188,strong,0.9513041490352084,0.889203451839983,CB_Lags_Seasonal_Calendar,699.2562380437985,32.1020614679438,4.337796239889031,8.437260640420872
T2,medium,0.878412424233742,0.8221810414687533,CB_Lags_Seasonal_Calendar,18.851460748786053,19.005543878064103,4.017987354117464,3.9556602093512687
T202,medium,0.9359612179134876,0.8398390893269334,CB_Lags_Seasonal_Calendar,90.07889382328445,21.184387485642453,2.58331639067064,2.1741477390150936
T203,medium,0.9451407942964084,0.8451073681589166,CB_Lags_Seasonal_Calendar,103.04204154599586,20.377573334319788,3.4104234665806623,2.672360120930172
T208,medium,0.929075753840274,0.8306179389430547,CB_Lags_Seasonal_Calendar,50.862737736500286,18.799626213125656,2.705797131021727,2.187848315652263
T212,strong,0.9112890737053164,0.865743368052379,CB_Lags_Seasonal_Calendar,409.5891478380623,38.371315011133774,3.584741843260312,4.666358904645511
T23,medium,0.8417751625162441,0.8338249209442045,CB_Lags_Seasonal_Calendar,28.31211956642491,24.485760562298722,2.1840965911361794,2.766832203001229
T231,medium,0.9437612290280986,0.8426023433135178,CB_Lags_Seasonal_Calendar,440.93515558262317,25.16012590099877,4.917107036447324,3.9893475223087087
T232,medium,0.9256904587969932,0.8400246687975936,CB_Lags_Seasonal_Calendar,206.4080710649651,20.209671723967094,2.987422093418758,2.4247181772000936
T233,strong,0.9500581204130952,0.8582726205847491,CB_Lags_Seasonal_Calendar,77.19151490119523,16.890365338910648,3.39303362203056,2.64186087001646
T234,strong,0.9510076674320506,0.8593623959308974,CB_Lags_Seasonal_Calendar,886.7938554457598,15.380973809880887,2.0292462525693966,1.633818433914062
T239,strong,0.9521989674453326,0.867365917429275,CB_Lags_Seasonal_Calendar,64.40270948769009,17.69542735867476,3.604669775203109,3.130604917096333
T24,medium,0.8967167869745726,0.7996039989150817,CB_Lags_Seasonal_Calendar,28.097475825920064,22.357364595613905,2.754437590808699,2.3877556942104423
T244,medium,0.9191834947706632,0.8341323656221705,CB_Lags_Seasonal_Calendar,102.16808588247622,26.60900510988467,3.0344241401206595,2.714025654560583
T254,strong,0.940089787691856,0.8521770118324622,CB_Lags_Seasonal_Calendar,138.2408367730525,26.83762509916673,3.8249287707746453,3.0087395488888227
T255,strong,0.943355800184884,0.8662175850680338,CB_Lags_Seasonal_Calendar,612.4529075745329,21.55435609006684,3.3169287350289536,2.891283009877807
T258,strong,0.9426995900239272,0.8796565604143595,CB_Lags_Seasonal_Calendar,79.10032951201558,22.309889169624583,3.1600155704216557,3.2279432248692674
T260,strong,0.9478752356891732,0.8643564625608925,CB_Lags_Seasonal_Calendar,80.6862049299778,15.401007446868237,2.4459295139474646,2.278477227324944
T279,medium,0.9380707694625764,0.8203747866768005,CB_Lags_Seasonal_Calendar,159.6916562042574,18.992589949047073,3.0597391348904033,2.1598748520889366
T287,medium,0.9497634753991588,0.8248991782945114,CB_Lags_Seasonal_Calendar,203.17475354094734,77.25664550087001,7.417012279465007,5.477431063541908
T288,weak,0.8963486521527871,0.7016587810632768,CB_Lags_Seasonal_Calendar,81.81030866331963,51.56732937606777,2.8890094640453245,1.8484362632785352
T29,weak,0.8231845765817016,0.7801957188234393,CB_Lags_Seasonal_Calendar,162.83192081004114,25.33286398067035,3.154282579873988,3.703321514453954
T292,strong,0.9596223737925592,0.8574874148356404,CB_Lags_Seasonal_Calendar,161.73090250152455,44.3906313232914,3.554368466273576,2.2873837309650504
T298,medium,0.8516074680379161,0.8160660859874113,CB_Lags_Seasonal_Calendar,282.09317179116346,40.96632617252652,1.7517109321329523,2.654156474502933
T3,strong,-0.0280387455014441,0.9166666666666666,CB_Lags_Seasonal_Calendar,32.06273718119583,141.24612458869757,38.873385553829635,
T30,weak,0.6305439739959089,0.7482725294288795,CB_Lags_Seasonal_Calendar,51.985066576804044,68.19294253351684,0.7861218011432167,1.0461207086116524
T301,weak,0.9020387485134604,0.79044367398827,CB_Lags_Seasonal_Calendar,150.08303633581752,26.38053981732417,1.3848235807665514,1.1596352897216275
T305,strong,0.9576792026993196,0.8819386253630186,CB_Lags_Seasonal_Calendar,343.6045524089527,24.502290999909654,3.255273270484604,2.7581256910796736
T31,strong,0.9147451446236916,0.8563609164847927,CB_Lags_Seasonal_Calendar,104.68306076507001,18.93587302557766,2.776605909882819,2.975579049033276
T316,strong,0.9440988304014432,0.8496856453535117,CB_Lags_Seasonal_Calendar,2488.88650812853,25.807061386823555,1.9394990586603438,1.395929560146263
T319,weak,0.5797718564717881,0.7852070579108402,CB_Lags_Seasonal_Calendar,317.4747872247012,14.97558152209838,1.1193925498030026,2.0000252495926194
T43,weak,0.8467757910973003,0.7724223936810942,CB_Lags_Seasonal_Calendar,46.94190134709423,18.42894822049816,1.9058427254893957,1.823024770188718
T50,medium,0.8896801006360665,0.8084939955435738,CB_Lags_Seasonal_Calendar,112.33836462156626,24.162954071648805,3.2953116322989926,3.326410796677687
T55,strong,0.8934949848854928,0.8546739010739226,CB_Lags_Seasonal_Calendar,33.52540163103414,30.345490129305343,2.9749910927040277,3.664455090444851
T56,strong,0.8209875465549393,0.8602835897788401,CB_Lags_Seasonal_Calendar,1485.916482487833,36.47440658877952,2.27625441079746,3.794888404386849
T70,weak,0.8748606464904651,0.7739556434856019,CB_Lags_Seasonal_Calendar,36.49481670441685,17.965237211164663,2.6462461733837497,2.4858983144033298
T86,medium,0.6579005729932522,0.8102944033920301,CB_Lags_Seasonal_Calendar,57.903066270062254,81.64174847245604,2.302483441660126,3.970495972804269
T94,strong,0.9673537119322448,0.8689911195998664,CB_Lags_Seasonal_Calendar,1172.9313699429515,35.0745083714886,5.784137703867248,3.0818559742577496
T96,medium,0.9417588600652192,0.8191403432239324,CB_Lags_Seasonal_Calendar,254.4969254324814,48.079360877150876,2.6789150045524357,1.807044044336448
T98,weak,0.9085118826121996,0.7627903062655954,CB_Lags_Seasonal_Calendar,71.58984142443867,15.05695762727121,2.3945020504648036,1.8826831403048578
T1,weak,0.2603604341854829,0.2389831562018388,CB_Lags_Seasonal_Fourier,25.70416220006724,94.91218281980419,10.151207593682384,9.24869387572513
T10,weak,0.4678522389189582,0.593316350740746,CB_Lags_Seasonal_Fourier,49.376454158392335,22.638617692571845,0.6500895358430494,0.7496277421437764
T105,weak,0.8464365537953957,0.7053897503249026,CB_Lags_Seasonal_Fourier,79.03035486305797,17.782512258553123,1.5304227527775112,1.0208227903104874
T107,weak,0.4299889786929711,0.5891127011376885,CB_Lags_Seasonal_Fourier,181.5522501553391,115.88626217521917,1.4237934627899949,2.11879177189036
T119,weak,0.5154993504469568,0.3464262877634856,CB_Lags_Seasonal_Fourier,64.42544475909742,18.210897612118707,5.875897896622043,4.033000979465872
T13,medium,0.7277321550653817,0.8148932950356823,CB_Lags_Seasonal_Fourier,31.43678637912156,17.93459062564261,1.027619069351485,1.429226068407219
T134,weak,0.321441505228498,0.6589016708603297,CB_Lags_Seasonal_Fourier,1003.1084826561682,12.297930754698825,1.2723156576889934,1.9621970702165372
T137,strong,0.9495923034697747,0.8679688372008987,CB_Lags_Seasonal_Fourier,72.00624702256846,15.325456026868451,2.288575094837756,1.683057112653283
T141,weak,0.8214682350637728,0.736499986911167,CB_Lags_Seasonal_Fourier,76.75529902732116,15.834764145956736,1.7736596406480414,1.4144068664554967
T147,medium,0.9361679222719704,0.8033037039649814,CB_Lags_Seasonal_Fourier,60.71070939206046,19.459516278097173,2.4858321296810777,1.710291177556483
T149,weak,0.9385492804401464,0.7873591209950733,CB_Lags_Seasonal_Fourier,284.7947471339481,21.115327470341764,3.541511191722431,2.191485955868603
T155,medium,0.8835828684310176,0.8015037758991119,CB_Lags_Seasonal_Fourier,305.36242867372687,22.139858451043374,2.294684902155415,2.1234210765142603
T158,weak,0.8742418996122472,0.7458880492547493,CB_Lags_Seasonal_Fourier,264.89413974861645,33.03282466521156,3.3028036752913295,2.7465725393194407
T159,weak,0.9132170063274015,0.678945569866513,CB_Lags_Seasonal_Fourier,208.54634687807606,16.050235851637463,2.0697945422261568,1.2210066311532415
T161,medium,0.907634579289302,0.8113240769027645,CB_Lags_Seasonal_Fourier,209.06838245118576,21.6343779808195,3.1726739433117643,2.560937326964268
T169,weak,0.8839054478654493,0.6462549617190357,CB_Lags_Seasonal_Fourier,284.64489444475487,12.52883083308728,2.077738026647044,1.1494621479852696
T176,strong,0.9687351954688488,0.8697598590000116,CB_Lags_Seasonal_Fourier,919.7171966631076,15.505348009196714,2.700532943432556,1.8640237718490158
T179,medium,0.9303069356003112,0.831261323429253,CB_Lags_Seasonal_Fourier,331.13099074701825,18.08072135476737,2.3907334926933292,1.91345944503488
T181,strong,0.9453936308084832,0.8566357529313985,CB_Lags_Seasonal_Fourier,81.89474501627758,15.57234657090069,2.591202440910859,2.1087893988891966
T185,weak,0.9029572710648422,0.7702816341480473,CB_Lags_Seasonal_Fourier,198.97049984951423,13.17196653675311,1.6249015492667014,1.204661037194704
T188,strong,0.9513041490352084,0.889203451839983,CB_Lags_Seasonal_Fourier,672.992560309623,31.56297659857597,4.174871011163609,8.120361795100342
T2,medium,0.878412424233742,0.8221810414687533,CB_Lags_Seasonal_Fourier,16.416228456291886,15.862505945113309,3.4989436213282086,3.444667899083389
T202,medium,0.9359612179134876,0.8398390893269334,CB_Lags_Seasonal_Fourier,83.44372755543884,19.26606374328875,2.3930305973284507,2.014001103916242
T203,medium,0.9451407942964084,0.8451073681589166,CB_Lags_Seasonal_Fourier,80.25523027149204,15.546527878540592,2.656239303173697,2.0813919605607567
T208,medium,0.929075753840274,0.8306179389430547,CB_Lags_Seasonal_Fourier,58.81098227204635,20.837551245794486,3.1286280327391194,2.529740124732127
T212,strong,0.9112890737053164,0.865743368052379,CB_Lags_Seasonal_Fourier,443.1465393759666,42.38555461458581,3.878437577709203,5.048670871762098
T23,medium,0.8417751625162441,0.8338249209442045,CB_Lags_Seasonal_Fourier,23.028946551715958,20.08129876032334,1.7765340225783512,2.250528462589693
T231,medium,0.9437612290280986,0.8426023433135178,CB_Lags_Seasonal_Fourier,411.7411126973119,23.577054981728203,4.591548432475202,3.725215299744597
T232,medium,0.9256904587969932,0.8400246687975936,CB_Lags_Seasonal_Fourier,194.35182573179793,18.614096335390617,2.8129274940256734,2.2830909769782894
T233,strong,0.9500581204130952,0.8582726205847491,CB_Lags_Seasonal_Fourier,72.53013243290968,15.776399610188534,3.1881376893586673,2.4823261859400154
T234,strong,0.9510076674320506,0.8593623959308974,CB_Lags_Seasonal_Fourier,872.2348887723979,14.887300692787665,1.9959310368833882,1.606995167172185
T239,strong,0.9521989674453326,0.867365917429275,CB_Lags_Seasonal_Fourier,49.866739773271426,13.679519092301835,2.791080236818114,2.424013864876387
T24,medium,0.8967167869745726,0.7996039989150817,CB_Lags_Seasonal_Fourier,23.40653440197456,19.684827867169545,2.2945775850754586,1.9891141163822765
T244,medium,0.9191834947706632,0.8341323656221705,CB_Lags_Seasonal_Fourier,88.70433576402715,22.29189928233114,2.634546546025676,2.356370297582506
T254,strong,0.940089787691856,0.8521770118324622,CB_Lags_Seasonal_Fourier,114.03435730217986,21.076569545204226,3.155169661031214,2.481898176806091
T255,strong,0.943355800184884,0.8662175850680338,CB_Lags_Seasonal_Fourier,479.79275065326465,16.58228080756258,2.5984664972902003,2.2650176218773277
T258,strong,0.9426995900239272,0.8796565604143595,CB_Lags_Seasonal_Fourier,60.57633985534252,16.852472570478426,2.419992158350727,2.4720122789593235
T260,strong,0.9478752356891732,0.8643564625608925,CB_Lags_Seasonal_Fourier,81.39844749815731,15.376120273712662,2.467520504874747,2.2985900641269326
T279,medium,0.9380707694625764,0.8203747866768005,CB_Lags_Seasonal_Fourier,112.86197573856403,13.757703724473656,2.162468673796177,1.526490168296578
T287,medium,0.9497634753991588,0.8248991782945114,CB_Lags_Seasonal_Fourier,186.7036355996053,72.90575992229608,6.815724560896031,5.0333827185048525
T288,weak,0.8963486521527871,0.7016587810632768,CB_Lags_Seasonal_Fourier,81.10720212726639,50.7549513326919,2.8641803016808427,1.8325501525985535
T29,weak,0.8231845765817016,0.7801957188234393,CB_Lags_Seasonal_Fourier,144.59387420931267,23.75791915387306,2.8009860493324146,3.2885296848047485
T292,strong,0.9596223737925592,0.8574874148356404,CB_Lags_Seasonal_Fourier,167.13695662623687,44.509881412925616,3.6731775992879947,2.3638423425372386
T298,medium,0.8516074680379161,0.8160660859874113,CB_Lags_Seasonal_Fourier,286.1711738865519,42.40523686674125,1.777034057844912,2.6925255551715166
T3,strong,-0.0280387455014441,0.9166666666666666,CB_Lags_Seasonal_Fourier,29.30773701699874,129.1121732451904,35.53317841622732,
T30,weak,0.6305439739959089,0.7482725294288795,CB_Lags_Seasonal_Fourier,44.49187882534937,58.455759176124154,0.6728092935450013,0.8953316571302868
T301,weak,0.9020387485134604,0.79044367398827,CB_Lags_Seasonal_Fourier,137.02043193240175,23.5519647460166,1.2642942854796457,1.058705448403785
T305,strong,0.9576792026993196,0.8819386253630186,CB_Lags_Seasonal_Fourier,343.43783392827623,23.729748168712007,3.253693797191724,2.7567874360376265
T31,strong,0.9147451446236916,0.8563609164847927,CB_Lags_Seasonal_Fourier,103.53349229714972,19.3484593712802,2.7461148392309425,2.9429029711313364
T316,strong,0.9440988304014432,0.8496856453535117,CB_Lags_Seasonal_Fourier,2461.403935212127,25.940607080977674,1.9180828855536773,1.3805155443614578
T319,weak,0.5797718564717881,0.7852070579108402,CB_Lags_Seasonal_Fourier,316.11796053039353,14.969141559115728,1.1146084795268745,1.9914775231049224
T43,weak,0.8467757910973003,0.7724223936810942,CB_Lags_Seasonal_Fourier,49.07790732211096,18.590169663577658,1.9925646377312294,1.9059782017707483
T50,medium,0.8896801006360665,0.8084939955435738,CB_Lags_Seasonal_Fourier,112.61445712257505,24.841423979996193,3.3034104757638203,3.3345860721441865
T55,strong,0.8934949848854928,0.8546739010739226,CB_Lags_Seasonal_Fourier,29.963889352017663,28.290258049407868,2.6589481285290084,3.2751681269609416
T56,strong,0.8209875465549393,0.8602835897788401,CB_Lags_Seasonal_Fourier,1476.8718529071868,35.911530132879825,2.2623990708644204,3.7717892865548013
T70,weak,0.8748606464904651,0.7739556434856019,CB_Lags_Seasonal_Fourier,28.53043590799259,14.505491619431863,2.068747391115363,1.9433927592322264
T86,medium,0.6579005729932522,0.8102944033920301,CB_Lags_Seasonal_Fourier,51.75006668468142,71.29302177137043,2.057812812374197,3.5485760012352974
T94,strong,0.9673537119322448,0.8689911195998664,CB_Lags_Seasonal_Fourier,1178.0357283727465,34.15825137617259,5.809309093092916,3.0952675837727903
T96,medium,0.9417588600652192,0.8191403432239324,CB_Lags_Seasonal_Fourier,227.9491188392778,43.77003158387485,2.399464408834503,1.6185425301711156
T98,weak,0.9085118826121996,0.7627903062655954,CB_Lags_Seasonal_Fourier,69.40931870798985,14.710932470269762,2.3215689916434243,1.8253393430058664
T1,weak,0.2603604341854829,0.2389831562018388,CB_Lags_Seasonal_Calendar_Fourier,25.80731667275921,96.20650219532737,10.191945839043685,9.28581020468439
T10,weak,0.4678522389189582,0.593316350740746,CB_Lags_Seasonal_Calendar_Fourier,44.932985760323604,20.577366330818368,0.5915869082714666,0.6821675075176467
T105,weak,0.8464365537953957,0.7053897503249026,CB_Lags_Seasonal_Calendar_Fourier,77.9443792742322,17.307533797684354,1.509392836450047,1.006795412694442
T107,weak,0.4299889786929711,0.5891127011376885,CB_Lags_Seasonal_Calendar_Fourier,175.43028319883175,114.77696808817501,1.3757829505290144,2.047345820633165
T119,weak,0.5154993504469568,0.3464262877634856,CB_Lags_Seasonal_Calendar_Fourier,68.81212328593438,19.006153475435536,6.275983223551178,4.30760488575613
T13,medium,0.7277321550653817,0.8148932950356823,CB_Lags_Seasonal_Calendar_Fourier,27.239245401653566,15.311495293543462,0.890408061177471,1.2383912001145392
T134,weak,0.321441505228498,0.6589016708603297,CB_Lags_Seasonal_Calendar_Fourier,957.2218369760386,11.776133421089238,1.2141142778910046,1.8724374447399406
T137,strong,0.9495923034697747,0.8679688372008987,CB_Lags_Seasonal_Calendar_Fourier,75.25355670015676,16.07098283339202,2.391784362931189,1.7589589666707524
T141,weak,0.8214682350637728,0.736499986911167,CB_Lags_Seasonal_Calendar_Fourier,72.27400690607745,15.08140396345907,1.6701060479433238,1.3318279380010083
T147,medium,0.9361679222719704,0.8033037039649814,CB_Lags_Seasonal_Calendar_Fourier,62.05305030267534,19.87919580935298,2.5407949887549695,1.7481064796619465
T149,weak,0.9385492804401464,0.7873591209950733,CB_Lags_Seasonal_Calendar_Fourier,283.02593749272353,21.039072920640383,3.5195154941069937,2.177875025448157
T155,medium,0.8835828684310176,0.8015037758991119,CB_Lags_Seasonal_Calendar_Fourier,304.04658890973525,22.183037140976044,2.2847968564871857,2.1142710252119086
T158,weak,0.8742418996122472,0.7458880492547493,CB_Lags_Seasonal_Calendar_Fourier,267.4436246202475,33.45179780933147,3.3345916492046577,2.7730070430969773
T159,weak,0.9132170063274015,0.678945569866513,CB_Lags_Seasonal_Calendar_Fourier,200.25389054458373,15.431984468371814,1.9874930245172628,1.1724555808792112
T161,medium,0.907634579289302,0.8113240769027645,CB_Lags_Seasonal_Calendar_Fourier,202.48214890219168,21.108928498130737,3.0727259199881605,2.4802607026848342
T169,weak,0.8839054478654493,0.6462549617190357,CB_Lags_Seasonal_Calendar_Fourier,281.0396380536335,12.383490844029309,2.0514218044142263,1.1349032859215051
T176,strong,0.9687351954688488,0.8697598590000116,CB_Lags_Seasonal_Calendar_Fourier,936.9249227734783,15.71451245059058,2.7510593785271937,1.898899286458913
T179,medium,0.9303069356003112,0.831261323429253,CB_Lags_Seasonal_Calendar_Fourier,323.5161299388602,17.80220631776693,2.3357549395376997,1.8694565345760163
T181,strong,0.9453936308084832,0.8566357529313985,CB_Lags_Seasonal_Calendar_Fourier,81.54192775121201,15.674600946734358,2.58003907556609,2.0997043555427957
T185,weak,0.9029572710648422,0.7702816341480473,CB_Lags_Seasonal_Calendar_Fourier,201.3212787633009,13.260705841643373,1.6440992911524808,1.218893758963205
T188,strong,0.9513041490352084,0.889203451839983,CB_Lags_Seasonal_Calendar_Fourier,688.0315699811295,31.900299534683427,4.268164650970409,8.301823235798084
T2,medium,0.878412424233742,0.8221810414687533,CB_Lags_Seasonal_Calendar_Fourier,18.16468343900994,16.57508987472236,3.8716081115458807,3.8115516061417476
T202,medium,0.9359612179134876,0.8398390893269334,CB_Lags_Seasonal_Calendar_Fourier,80.32699251386377,18.815038495637644,2.3036476977773774,1.9387754638562842
T203,medium,0.9451407942964084,0.8451073681589166,CB_Lags_Seasonal_Calendar_Fourier,80.60837742828214,15.615706917042964,2.6679275551978536,2.0905507113431203
T208,medium,0.929075753840274,0.8306179389430547,CB_Lags_Seasonal_Calendar_Fourier,51.04019556415514,18.101640433210545,2.7152375367551618,2.1954816210269237
T212,strong,0.9112890737053164,0.865743368052379,CB_Lags_Seasonal_Calendar_Fourier,436.7292656771612,41.757371342999846,3.822273322212725,4.975560286615913
T23,medium,0.8417751625162441,0.8338249209442045,CB_Lags_Seasonal_Calendar_Fourier,23.69685035805562,20.563147559955745,1.8280584739077839,2.3158000772970273
T231,medium,0.9437612290280986,0.8426023433135178,CB_Lags_Seasonal_Calendar_Fourier,411.6810782495143,23.45417321905403,4.590878955791482,3.724672139888681
T232,medium,0.9256904587969932,0.8400246687975936,CB_Lags_Seasonal_Calendar_Fourier,187.3336549166745,17.906366494055522,2.7113508529558215,2.2006470770943114
T233,strong,0.9500581204130952,0.8582726205847491,CB_Lags_Seasonal_Calendar_Fourier,69.74300092280856,15.327422242357594,3.065626414189387,2.386937286194352
T234,strong,0.9510076674320506,0.8593623959308974,CB_Lags_Seasonal_Calendar_Fourier,828.2296343238022,14.339631197955363,1.8952340179146576,1.5259204106595177
T239,strong,0.9521989674453326,0.867365917429275,CB_Lags_Seasonal_Calendar_Fourier,57.40161492084787,15.300394101380974,3.212813063285444,2.7902828832818707
T24,medium,0.8967167869745726,0.7996039989150817,CB_Lags_Seasonal_Calendar_Fourier,21.645171921214146,17.883561894691947,2.121908585977292,1.8394315143200468
T244,medium,0.9191834947706632,0.8341323656221705,CB_Lags_Seasonal_Calendar_Fourier,79.74644898641158,20.5846757633176,2.36849450396499,2.118410133064364
T254,strong,0.940089787691856,0.8521770118324622,CB_Lags_Seasonal_Calendar_Fourier,108.92752737482984,20.416612157453134,3.0138708872930207,2.370750692961707
T255,strong,0.943355800184884,0.8662175850680338,CB_Lags_Seasonal_Calendar_Fourier,472.0565934632781,16.35087580522932,2.556568937878182,2.2284965774533037
T258,strong,0.9426995900239272,0.8796565604143595,CB_Lags_Seasonal_Calendar_Fourier,57.46444831771359,16.195251828818567,2.2956737670995624,2.345021541153466
T260,strong,0.9478752356891732,0.8643564625608925,CB_Lags_Seasonal_Calendar_Fourier,78.95143945038055,15.0212620151848,2.393341663397219,2.2294896259940598
T279,medium,0.9380707694625764,0.8203747866768005,CB_Lags_Seasonal_Calendar_Fourier,112.4065316407947,13.582176087754869,2.153742230832136,1.5203301579573645
T287,medium,0.9497634753991588,0.8248991782945114,CB_Lags_Seasonal_Calendar_Fourier,181.71448152393788,71.98132992130208,6.633592596178721,4.898879060749215
T288,weak,0.8963486521527871,0.7016587810632768,CB_Lags_Seasonal_Calendar_Fourier,81.55368247072217,51.476450130253916,2.8799470914513385,1.8426380066987145
T29,weak,0.8231845765817016,0.7801957188234393,CB_Lags_Seasonal_Calendar_Fourier,144.5583010066863,23.37672747118498,2.8002969465275314,3.2877206357806448
T292,strong,0.9596223737925592,0.8574874148356404,CB_Lags_Seasonal_Calendar_Fourier,164.86305871820127,44.24095331065426,3.6232040265518197,2.3316822729384983
T298,medium,0.8516074680379161,0.8160660859874113,CB_Lags_Seasonal_Calendar_Fourier,288.34088138634297,42.039972142079876,1.7905072671494198,2.712939885556696
T3,strong,-0.0280387455014441,0.9166666666666666,CB_Lags_Seasonal_Calendar_Fourier,29.36881254515754,128.19760193160988,35.60722738280816,
T30,weak,0.6305439739959089,0.7482725294288795,CB_Lags_Seasonal_Calendar_Fourier,51.04670826175321,65.35680429159362,0.7719318812812188,1.0272376691137166
T301,weak,0.9020387485134604,0.79044367398827,CB_Lags_Seasonal_Calendar_Fourier,141.57897249008934,24.36361751096739,1.3063561641055643,1.0939275802941182
T305,strong,0.9576792026993196,0.8819386253630186,CB_Lags_Seasonal_Calendar_Fourier,335.113976969197,23.366501174328473,3.1748344547404685,2.6899715467638887
T31,strong,0.9147451446236916,0.8563609164847927,CB_Lags_Seasonal_Calendar_Fourier,100.6907392031975,18.58552985265215,2.6707138623840834,2.8620987179301225
T316,strong,0.9440988304014432,0.8496856453535117,CB_Lags_Seasonal_Calendar_Fourier,2213.4849162150404,23.40287704895231,1.7248885786222603,1.2414664209843045
T319,weak,0.5797718564717881,0.7852070579108402,CB_Lags_Seasonal_Calendar_Fourier,314.71913336273764,14.885616228156602,1.109676318697272,1.982665202354715
T43,weak,0.8467757910973003,0.7724223936810942,CB_Lags_Seasonal_Calendar_Fourier,51.8756708095166,19.518338016892738,2.1061539265562748,2.0146314942941403
T50,medium,0.8896801006360665,0.8084939955435738,CB_Lags_Seasonal_Calendar_Fourier,111.03266619852539,24.32160389553161,3.257010529944375,3.2877482316115194
T55,strong,0.8934949848854928,0.8546739010739226,CB_Lags_Seasonal_Calendar_Fourier,28.630725011059308,27.116428698148535,2.5406452344097534,3.1294481469472766
T56,strong,0.8209875465549393,0.8602835897788401,CB_Lags_Seasonal_Calendar_Fourier,1458.532269394206,35.578813238738704,2.234304922669956,3.724951746467642
T70,weak,0.8748606464904651,0.7739556434856019,CB_Lags_Seasonal_Calendar_Fourier,25.827297028183448,12.833178544737905,1.8727422714087592,1.7592644639912647
T86,medium,0.6579005729932522,0.8102944033920301,CB_Lags_Seasonal_Calendar_Fourier,54.64070070694571,75.43205355786424,2.1727572773377752,3.746790905619134
T94,strong,0.9673537119322448,0.8689911195998664,CB_Lags_Seasonal_Calendar_Fourier,1168.0027244998405,33.686096913981224,5.759832817266869,3.068906047439279
T96,medium,0.9417588600652192,0.8191403432239324,CB_Lags_Seasonal_Calendar_Fourier,227.95990222831725,43.858558250156975,2.399577918192813,1.6186190971430285
T98,weak,0.9085118826121996,0.7627903062655954,CB_Lags_Seasonal_Calendar_Fourier,67.18125464605055,14.207221868542334,2.247045793117951,1.7667452944443853
